review_id,employee_id,review_date,performance_rating,job_satisfaction,work_life_balance
1,1001,2023-11-25,5.0,1,1.0
2,1001,2024-09-08,5.0,3,4.0
3,1001,2025-11-28,1.0,3,1.0
4,1002,2022-11-13,3.0,5,
5,1003,2026-04-01,4.0,5,1.0
6,1003,2025-08-29,1.0,1,4.0
7,1003,2026-04-10,,2,5.0
8,1004,2025-04-23,2.0,3,5.0
9,1005,2024-10-19,4.0,2,5.0
10,1005,2022-03-11,1.0,1,4.0
11,1006,2024-12-12,3.0,4,5.0
12,1007,2024-04-15,,2,3.0
13,1007,2022-10-27,2.0,1,4.0
14,1007,2025-04-16,4.0,5,4.0
15,1008,2025-12-18,4.0,3,
16,1008,2025-02-02,1.0,2,1.0
17,1009,2024-05-06,,2,1.0
18,1010,2025-01-30,,1,1.0
19,1010,2023-05-18,5.0,1,2.0
20,1011,2024-04-14,5.0,5,5.0
21,1011,2022-03-15,1.0,4,1.0
22,1011,2024-07-19,5.0,2,1.0
23,1012,2025-02-02,2.0,5,1.0
24,1013,2024-09-13,3.0,2,2.0
25,1013,2021-03-11,3.0,1,
26,1014,2025-10-05,4.0,1,2.0
27,1014,2022-04-01,3.0,2,5.0
28,1015,2022-02-08,1.0,2,4.0
29,1015,2022-02-08,2.0,3,5.0
30,1015,2021-07-06,3.0,5,4.0
31,1016,2024-04-25,2.0,3,
32,1016,2025-09-28,4.0,4,3.0
33,1017,2021-04-22,,4,1.0
34,1017,2025-01-21,,4,5.0
35,1018,2021-09-08,4.0,2,2.0
36,1018,2026-12-12,1.0,1,3.0
37,1019,2026-08-24,4.0,3,1.0
38,1020,2022-12-09,4.0,3,
39,1020,2025-07-08,3.0,2,4.0
40,1020,2021-07-07,4.0,4,5.0
41,1021,2025-03-26,4.0,2,1.0
42,1021,2023-04-26,2.0,3,1.0
43,1022,2022-07-21,5.0,3,4.0
44,1023,2026-08-27,2.0,4,5.0
45,1023,2026-10-19,,5,1.0
46,1023,2024-10-02,4.0,3,2.0
47,1024,2022-08-17,,4,1.0
48,1025,2024-09-02,5.0,5,1.0
49,1026,2024-08-10,4.0,4,1.0
50,1026,2026-03-13,,4,4.0
51,1027,2021-11-12,3.0,5,2.0
52,1027,2023-01-12,1.0,4,5.0
53,1027,2023-04-25,2.0,2,2.0
54,1028,2022-03-12,2.0,1,2.0
55,1029,2022-05-10,3.0,4,4.0
56,1029,2022-10-08,1.0,5,1.0
57,1030,2025-07-14,3.0,5,3.0
58,1030,2022-03-01,5.0,4,3.0
59,1030,2023-01-04,,2,5.0
60,1031,2021-02-26,2.0,1,5.0
61,1032,2021-11-14,2.0,1,3.0
62,1032,2021-03-21,4.0,2,1.0
63,1033,2021-06-11,4.0,3,4.0
64,1034,2023-05-05,1.0,2,3.0
65,1034,2024-02-20,4.0,4,2.0
66,1034,2025-12-10,5.0,2,1.0
67,1035,2021-01-22,3.0,5,4.0
68,1035,2024-08-24,2.0,3,1.0
69,1035,2024-08-24,1.0,1,3.0
70,1036,2026-03-08,5.0,2,5.0
71,1036,2022-04-28,4.0,4,1.0
72,1036,2025-10-25,2.0,1,1.0
73,1037,2024-09-18,4.0,2,4.0
74,1038,2023-04-22,2.0,5,3.0
75,1038,2026-01-29,4.0,1,5.0
76,1039,2026-07-22,5.0,3,1.0
77,1039,2021-02-11,4.0,1,1.0
78,1039,2022-11-11,5.0,2,2.0
79,1040,2023-09-03,3.0,5,3.0
80,1041,2023-07-12,3.0,2,5.0
81,1042,2021-01-27,3.0,2,2.0
82,1043,2024-09-19,,3,2.0
83,1044,2024-03-07,1.0,3,2.0
84,1045,2024-03-12,1.0,2,4.0
85,1045,2022-10-27,5.0,3,2.0
86,1045,2022-06-26,2.0,1,2.0
87,1046,2023-08-03,1.0,1,5.0
88,1046,2022-01-06,2.0,2,3.0
89,1046,2025-05-28,,3,3.0
90,1047,2023-09-22,5.0,4,1.0
91,1047,2025-03-03,4.0,3,4.0
92,1047,2024-01-04,,1,1.0
93,1048,2022-02-05,2.0,5,3.0
94,1048,2023-07-28,2.0,1,4.0
95,1048,2025-10-01,4.0,3,4.0
96,1049,2025-06-21,3.0,3,5.0
97,1049,2025-10-10,4.0,1,2.0
98,1050,2026-12-24,,3,5.0
99,1050,2022-11-12,3.0,1,3.0
100,1051,2024-07-25,3.0,1,3.0
101,1052,2022-03-07,2.0,3,2.0
102,1052,2025-12-14,2.0,4,1.0
103,1053,2022-06-04,4.0,3,3.0
104,1053,2026-08-18,3.0,5,2.0
105,1053,2024-08-09,2.0,5,3.0
106,1054,2026-06-02,5.0,4,1.0
107,1055,2023-03-24,4.0,2,4.0
108,1056,2022-01-26,2.0,3,5.0
109,1057,2024-04-02,1.0,4,4.0
110,1057,2026-08-25,,3,5.0
111,1057,2024-08-06,5.0,4,5.0
112,1058,2026-09-12,4.0,3,
113,1058,2025-01-24,4.0,3,5.0
114,1058,2021-11-25,2.0,5,3.0
115,1059,2024-12-06,2.0,1,2.0
116,1059,2025-07-20,1.0,2,3.0
117,1060,2023-10-29,4.0,2,4.0
118,1060,2023-10-04,,3,2.0
119,1061,2021-02-25,3.0,5,2.0
120,1062,2025-08-06,4.0,4,
121,1062,2021-08-04,1.0,5,3.0
122,1062,2024-03-13,3.0,1,2.0
123,1063,2021-12-12,2.0,5,1.0
124,1064,2022-12-29,2.0,2,2.0
125,1065,2023-06-30,3.0,4,1.0
126,1066,2022-08-12,1.0,4,1.0
127,1067,2025-09-09,1.0,1,3.0
128,1067,2023-06-14,4.0,5,2.0
129,1068,2026-03-12,,2,5.0
130,1068,2025-10-10,2.0,2,1.0
131,1068,2023-03-23,2.0,4,2.0
132,1069,2022-01-17,1.0,4,5.0
133,1070,2024-02-05,2.0,3,1.0
134,1070,2026-03-16,1.0,4,2.0
135,1071,2021-05-10,4.0,4,4.0
136,1071,2021-07-04,2.0,3,5.0
137,1071,2024-10-25,4.0,1,4.0
138,1072,2026-07-19,5.0,5,1.0
139,1072,2023-01-19,5.0,1,2.0
140,1072,2023-12-29,2.0,3,2.0
141,1073,2024-10-05,4.0,2,3.0
142,1074,2021-02-14,4.0,2,4.0
143,1074,2023-07-13,3.0,4,5.0
144,1074,2026-03-31,2.0,2,
145,1075,2021-02-19,5.0,1,3.0
146,1076,2024-07-05,3.0,4,3.0
147,1076,2023-08-19,3.0,3,4.0
148,1076,2023-06-22,5.0,4,1.0
149,1077,2026-06-25,1.0,4,
150,1077,2026-11-11,1.0,3,4.0
151,1077,2025-03-17,3.0,1,1.0
152,1078,2023-11-17,4.0,4,3.0
153,1078,2025-07-14,4.0,5,4.0
154,1078,2021-12-23,1.0,5,3.0
155,1079,2021-09-02,5.0,2,
156,1079,2022-03-27,4.0,1,2.0
157,1080,2025-04-27,3.0,1,4.0
158,1080,2025-10-21,3.0,1,3.0
159,1080,2025-12-25,3.0,3,2.0
160,1081,2026-06-02,5.0,4,
161,1081,2022-05-08,,5,4.0
162,1082,2026-05-02,2.0,5,4.0
163,1083,2026-09-28,3.0,4,
164,1083,2026-08-20,5.0,3,4.0
165,1083,2023-04-21,5.0,5,1.0
166,1084,2026-08-26,2.0,4,2.0
167,1084,2024-08-14,,1,3.0
168,1085,2026-02-09,3.0,1,2.0
169,1085,2021-11-15,3.0,5,5.0
170,1085,2025-05-20,4.0,2,
171,1086,2021-03-02,1.0,4,4.0
172,1087,2021-11-25,5.0,5,5.0
173,1088,2024-08-15,2.0,2,5.0
174,1088,2021-01-25,2.0,5,4.0
175,1088,2022-12-04,4.0,4,3.0
176,1089,2023-08-19,3.0,1,2.0
177,1089,2021-03-20,2.0,1,3.0
178,1089,2025-09-11,3.0,4,5.0
179,1090,2025-12-04,4.0,2,1.0
180,1091,2024-01-18,3.0,2,5.0
181,1092,2023-10-02,5.0,1,3.0
182,1092,2022-04-03,2.0,4,1.0
183,1092,2025-03-24,4.0,3,1.0
184,1093,2026-12-02,2.0,5,3.0
185,1093,2022-08-05,1.0,5,3.0
186,1093,2021-07-09,1.0,1,2.0
187,1094,2024-05-07,1.0,1,2.0
188,1094,2021-05-09,4.0,5,
189,1095,2022-11-10,1.0,5,4.0
190,1095,2026-11-27,4.0,3,3.0
191,1095,2026-10-16,1.0,5,1.0
192,1096,2026-03-28,5.0,3,5.0
193,1096,2022-04-06,,5,
194,1096,2025-07-22,4.0,4,2.0
195,1097,2021-03-10,1.0,2,5.0
196,1098,2025-09-22,1.0,2,2.0
197,1098,2025-04-12,3.0,2,2.0
198,1098,2026-06-08,3.0,1,5.0
199,1099,2022-08-08,,3,3.0
200,1100,2022-01-04,3.0,2,
201,1101,2023-12-27,4.0,5,1.0
202,1102,2025-03-24,4.0,4,1.0
203,1102,2024-07-27,1.0,2,3.0
204,1103,2025-10-07,,3,3.0
205,1103,2025-02-13,5.0,3,5.0
206,1103,2024-01-20,1.0,5,4.0
207,1104,2026-08-04,2.0,2,5.0
208,1104,2023-03-21,5.0,2,4.0
209,1104,2026-03-14,2.0,5,4.0
210,1105,2025-03-08,5.0,5,5.0
211,1105,2022-12-15,3.0,2,4.0
212,1105,2025-05-04,1.0,2,2.0
213,1106,2025-09-04,4.0,4,
214,1107,2022-12-26,4.0,2,5.0
215,1108,2022-09-25,4.0,5,5.0
216,1108,2024-08-06,5.0,5,5.0
217,1109,2026-03-16,4.0,4,4.0
218,1109,2025-11-12,4.0,1,3.0
219,1109,2021-07-20,3.0,5,3.0
220,1110,2026-12-03,5.0,2,1.0
221,1110,2021-05-01,,1,2.0
222,1111,2022-08-25,3.0,5,4.0
223,1112,2023-07-19,1.0,1,3.0
224,1112,2024-05-15,3.0,1,5.0
225,1112,2022-09-16,1.0,5,5.0
226,1113,2024-09-02,,4,5.0
227,1113,2021-02-16,3.0,3,2.0
228,1114,2023-08-09,,1,2.0
229,1114,2022-02-24,5.0,5,4.0
230,1114,2021-05-20,3.0,3,5.0
231,1115,2025-02-01,5.0,2,1.0
232,1115,2026-11-26,1.0,4,4.0
233,1116,2024-04-04,3.0,1,2.0
234,1116,2022-05-09,3.0,2,3.0
235,1116,2026-05-29,3.0,5,1.0
236,1117,2026-07-25,,2,1.0
237,1117,2025-09-13,,1,3.0
238,1118,2021-10-18,2.0,5,2.0
239,1118,2021-06-15,2.0,2,2.0
240,1118,2024-06-25,3.0,3,3.0
241,1119,2026-07-14,3.0,4,1.0
242,1119,2022-06-12,1.0,2,5.0
243,1120,2026-04-11,1.0,4,1.0
244,1120,2026-04-15,,1,5.0
245,1121,2023-09-06,5.0,2,3.0
246,1121,2025-04-20,5.0,2,1.0
247,1121,2024-12-21,,5,1.0
248,1122,2022-01-26,3.0,3,1.0
249,1123,2025-02-07,3.0,2,5.0
250,1123,2026-07-08,5.0,4,
251,1124,2021-02-21,1.0,3,5.0
252,1125,2023-10-16,3.0,5,3.0
253,1125,2021-04-09,5.0,2,1.0
254,1126,2021-06-13,4.0,2,2.0
255,1126,2024-02-16,5.0,1,5.0
256,1126,2024-08-10,4.0,2,1.0
257,1127,2025-11-27,,5,4.0
258,1127,2025-09-07,2.0,2,2.0
259,1127,2026-04-03,,3,2.0
260,1128,2025-11-05,1.0,4,5.0
261,1128,2021-06-24,1.0,5,5.0
262,1129,2022-01-15,1.0,5,1.0
263,1130,2022-08-18,3.0,4,1.0
264,1130,2024-10-18,4.0,5,3.0
265,1130,2022-05-04,1.0,1,4.0
266,1131,2022-10-13,,2,4.0
267,1131,2021-01-29,1.0,4,5.0
268,1131,2024-04-28,4.0,4,3.0
269,1132,2023-03-17,1.0,1,2.0
270,1132,2021-10-28,4.0,5,3.0
271,1132,2025-09-22,5.0,4,2.0
272,1133,2024-08-31,4.0,5,4.0
273,1133,2021-02-25,4.0,2,3.0
274,1134,2022-06-16,,3,5.0
275,1134,2025-05-10,4.0,5,
276,1134,2021-06-20,,4,1.0
277,1135,2022-06-14,2.0,5,1.0
278,1135,2021-02-02,1.0,5,4.0
279,1136,2022-04-30,5.0,2,2.0
280,1136,2022-08-10,1.0,3,2.0
281,1136,2023-03-31,,4,3.0
282,1137,2022-04-05,5.0,5,5.0
283,1137,2026-12-25,2.0,4,
284,1138,2026-07-13,2.0,3,4.0
285,1139,2022-07-16,3.0,1,3.0
286,1139,2024-02-28,3.0,3,5.0
287,1139,2021-03-08,3.0,5,1.0
288,1140,2026-12-09,5.0,2,3.0
289,1141,2022-10-05,3.0,2,4.0
290,1141,2026-07-14,5.0,5,3.0
291,1142,2023-08-20,1.0,4,4.0
292,1142,2025-09-29,1.0,1,2.0
293,1143,2025-07-22,1.0,1,2.0
294,1143,2025-02-04,2.0,1,1.0
295,1144,2023-08-02,3.0,1,1.0
296,1145,2024-11-21,4.0,5,3.0
297,1145,2023-11-14,4.0,3,3.0
298,1146,2023-12-23,2.0,1,3.0
299,1147,2024-08-03,4.0,4,3.0
300,1147,2021-11-24,,5,4.0
301,1147,2024-05-15,5.0,4,4.0
302,1148,2023-08-21,2.0,2,4.0
303,1148,2026-02-28,3.0,4,4.0
304,1148,2021-07-21,5.0,2,3.0
305,1149,2023-09-28,4.0,1,1.0
306,1150,2025-01-14,1.0,4,
307,1150,2022-08-12,4.0,5,2.0
308,1150,2025-07-17,4.0,3,2.0
309,1151,2024-08-12,1.0,2,5.0
310,1151,2023-02-05,2.0,3,4.0
311,1152,2022-10-16,4.0,2,2.0
312,1153,2023-09-04,5.0,2,
313,1153,2021-01-01,1.0,1,3.0
314,1153,2022-12-19,4.0,5,2.0
315,1154,2021-10-17,3.0,5,3.0
316,1154,2026-06-03,5.0,3,
317,1155,2022-06-04,1.0,4,3.0
318,1155,2021-10-12,1.0,2,4.0
319,1156,2025-05-31,2.0,3,1.0
320,1156,2025-11-07,2.0,2,2.0
321,1156,2023-04-15,2.0,1,4.0
322,1157,2025-07-04,5.0,3,1.0
323,1157,2025-01-20,,1,
324,1158,2022-11-26,4.0,5,3.0
325,1159,2021-06-03,3.0,4,3.0
326,1159,2024-01-12,3.0,1,2.0
327,1159,2025-10-20,4.0,4,3.0
328,1160,2025-10-27,2.0,2,1.0
329,1160,2023-02-21,1.0,5,2.0
330,1161,2023-12-11,3.0,4,4.0
331,1161,2026-06-13,1.0,5,4.0
332,1161,2026-06-08,2.0,5,2.0
333,1162,2023-11-22,3.0,5,5.0
334,1162,2024-07-14,5.0,3,5.0
335,1162,2023-05-01,1.0,2,5.0
336,1163,2023-07-01,4.0,5,2.0
337,1163,2022-10-05,3.0,5,1.0
338,1164,2022-03-04,5.0,3,1.0
339,1164,2021-03-08,5.0,1,3.0
340,1164,2022-11-01,1.0,2,4.0
341,1165,2024-05-14,5.0,2,3.0
342,1166,2026-07-07,2.0,1,4.0
343,1166,2022-06-12,5.0,2,5.0
344,1166,2021-08-25,4.0,3,5.0
345,1167,2026-11-09,5.0,1,3.0
346,1167,2023-11-13,4.0,5,2.0
347,1167,2024-01-16,3.0,4,4.0
348,1168,2025-05-04,3.0,2,4.0
349,1169,2025-12-27,5.0,2,1.0
350,1169,2021-09-01,2.0,5,1.0
351,1169,2021-01-31,2.0,1,4.0
352,1170,2026-09-06,3.0,4,3.0
353,1170,2024-08-13,3.0,3,5.0
354,1171,2025-11-01,4.0,3,2.0
355,1171,2024-10-14,,5,4.0
356,1172,2025-01-03,5.0,1,3.0
357,1172,2022-09-23,4.0,2,3.0
358,1173,2026-04-19,3.0,3,5.0
359,1173,2025-07-24,1.0,5,2.0
360,1174,2026-04-09,1.0,1,2.0
361,1174,2021-07-06,1.0,5,2.0
362,1175,2025-08-12,3.0,1,2.0
363,1175,2026-12-31,,2,3.0
364,1176,2023-05-21,5.0,3,3.0
365,1177,2026-05-03,,5,4.0
366,1177,2022-07-07,4.0,3,5.0
367,1177,2023-05-10,3.0,3,5.0
368,1178,2021-06-23,5.0,4,1.0
369,1178,2026-07-09,2.0,3,4.0
370,1179,2023-07-02,1.0,5,4.0
371,1179,2021-07-04,3.0,2,3.0
372,1179,2022-08-26,,1,5.0
373,1180,2022-07-28,1.0,3,5.0
374,1181,2024-07-02,3.0,2,1.0
375,1181,2026-02-27,1.0,4,5.0
376,1181,2025-02-05,3.0,1,4.0
377,1182,2026-11-11,,2,4.0
378,1182,2022-06-13,,5,5.0
379,1182,2026-10-08,3.0,3,5.0
380,1183,2023-06-20,5.0,2,2.0
381,1184,2025-03-24,1.0,5,3.0
382,1184,2024-04-13,3.0,5,4.0
383,1185,2021-01-11,1.0,4,4.0
384,1186,2021-12-21,2.0,3,2.0
385,1186,2022-01-05,1.0,4,5.0
386,1187,2025-01-21,5.0,3,2.0
387,1187,2021-04-06,5.0,4,5.0
388,1187,2023-06-21,2.0,4,4.0
389,1188,2022-09-13,4.0,2,
390,1189,2025-10-21,4.0,3,5.0
391,1190,2024-02-24,5.0,4,4.0
392,1190,2025-12-29,4.0,4,3.0
393,1191,2021-06-12,3.0,4,5.0
394,1191,2021-09-23,2.0,3,1.0
395,1192,2026-09-20,,5,5.0
396,1192,2023-12-16,4.0,5,5.0
397,1193,2022-09-30,4.0,1,
398,1193,2025-06-23,4.0,1,2.0
399,1193,2024-09-28,2.0,1,
400,1194,2026-11-13,,4,5.0
401,1194,2021-04-19,1.0,4,2.0
402,1194,2021-05-31,1.0,1,4.0
403,1195,2022-08-25,4.0,5,2.0
404,1196,2023-07-07,2.0,3,5.0
405,1196,2026-02-04,5.0,1,4.0
406,1196,2024-09-05,2.0,4,1.0
407,1197,2023-07-12,5.0,2,5.0
408,1197,2026-06-18,3.0,4,
409,1197,2023-06-13,2.0,1,2.0
410,1198,2024-07-27,3.0,4,1.0
411,1198,2023-07-01,1.0,5,1.0
412,1199,2026-09-17,3.0,5,3.0
413,1199,2024-06-17,2.0,4,1.0
414,1200,2024-08-14,1.0,1,2.0
415,1201,2025-05-31,4.0,5,4.0
416,1202,2026-01-19,1.0,5,5.0
417,1202,2024-05-24,4.0,3,2.0
418,1202,2026-04-22,3.0,5,3.0
419,1203,2025-09-30,1.0,4,2.0
420,1203,2022-07-06,3.0,5,1.0
421,1204,2023-05-04,4.0,1,4.0
422,1204,2022-10-19,3.0,5,4.0
423,1205,2025-05-31,2.0,5,2.0
424,1205,2021-12-30,2.0,3,2.0
425,1205,2023-07-18,5.0,2,3.0
426,1206,2024-11-22,,3,3.0
427,1207,2026-03-27,2.0,2,
428,1207,2023-11-09,3.0,4,4.0
429,1207,2025-01-01,2.0,5,3.0
430,1208,2022-04-16,1.0,4,4.0
431,1208,2022-10-24,1.0,2,
432,1209,2021-10-22,5.0,3,4.0
433,1210,2026-05-19,2.0,4,3.0
434,1211,2023-04-14,1.0,4,3.0
435,1211,2022-05-29,4.0,5,2.0
436,1211,2021-04-28,4.0,2,2.0
437,1212,2025-04-24,3.0,2,1.0
438,1212,2026-01-28,1.0,4,2.0
439,1213,2021-11-16,5.0,1,4.0
440,1214,2021-05-12,3.0,2,2.0
441,1215,2021-06-12,2.0,1,2.0
442,1216,2025-09-21,4.0,4,5.0
443,1217,2026-01-27,5.0,5,1.0
444,1217,2025-07-12,1.0,1,3.0
445,1218,2024-12-06,,1,2.0
446,1218,2025-11-14,4.0,3,4.0
447,1219,2023-10-06,4.0,4,1.0
448,1220,2025-01-01,4.0,4,5.0
449,1221,2026-06-14,3.0,4,2.0
450,1221,2024-05-08,4.0,5,3.0
451,1221,2023-01-03,,3,5.0
452,1222,2024-01-16,1.0,3,2.0
453,1222,2023-01-10,3.0,5,4.0
454,1223,2023-09-15,2.0,2,3.0
455,1223,2021-12-09,1.0,3,3.0
456,1223,2022-01-16,4.0,1,2.0
457,1224,2024-07-21,5.0,2,5.0
458,1224,2024-08-12,1.0,3,1.0
459,1225,2026-10-06,4.0,2,4.0
460,1226,2022-02-14,5.0,5,5.0
461,1227,2024-08-22,,1,2.0
462,1227,2025-08-17,1.0,2,4.0
463,1228,2021-11-14,1.0,5,1.0
464,1228,2026-11-19,,3,5.0
465,1228,2021-08-05,4.0,4,3.0
466,1229,2025-10-19,5.0,5,1.0
467,1229,2023-12-15,2.0,2,1.0
468,1229,2023-03-11,,1,1.0
469,1230,2024-10-04,5.0,1,3.0
470,1231,2022-01-27,3.0,1,2.0
471,1231,2026-05-22,3.0,1,1.0
472,1231,2022-08-04,1.0,1,3.0
473,1232,2026-10-29,4.0,2,2.0
474,1233,2024-08-01,2.0,2,
475,1234,2025-03-28,2.0,2,
476,1234,2021-11-06,,1,5.0
477,1234,2022-02-18,2.0,2,3.0
478,1235,2022-04-24,2.0,2,5.0
479,1236,2025-08-14,2.0,3,3.0
480,1237,2024-05-07,2.0,3,2.0
481,1237,2026-09-29,5.0,4,1.0
482,1238,2024-12-31,2.0,2,1.0
483,1238,2023-09-21,4.0,3,4.0
484,1239,2026-04-17,5.0,2,3.0
485,1239,2022-12-29,3.0,4,1.0
486,1239,2021-09-29,4.0,3,3.0
487,1240,2026-09-24,4.0,1,3.0
488,1240,2023-12-28,5.0,4,4.0
489,1241,2022-10-15,2.0,3,5.0
490,1241,2025-06-02,4.0,4,3.0
491,1242,2025-07-29,3.0,2,3.0
492,1242,2022-09-24,5.0,3,3.0
493,1242,2022-09-10,2.0,3,4.0
494,1243,2025-09-10,3.0,2,2.0
495,1244,2024-03-19,5.0,4,3.0
496,1244,2021-04-18,5.0,4,4.0
497,1244,2026-04-11,1.0,5,5.0
498,1245,2021-11-13,2.0,4,5.0
499,1245,2026-08-11,1.0,1,2.0
500,1245,2026-03-07,1.0,1,5.0
501,1246,2025-04-04,,1,2.0
502,1247,2024-01-27,2.0,5,1.0
503,1247,2021-03-20,5.0,5,4.0
504,1248,2022-06-24,4.0,1,5.0
505,1249,2025-12-16,4.0,4,5.0
506,1249,2022-11-05,2.0,4,3.0
507,1250,2023-02-23,3.0,5,4.0
508,1250,2024-05-16,1.0,1,5.0
509,1250,2021-11-24,2.0,1,5.0
510,1251,2026-02-28,4.0,1,4.0
511,1252,2023-07-08,4.0,2,1.0
512,1252,2025-05-15,3.0,1,
513,1252,2025-07-02,2.0,2,
514,1253,2021-11-30,5.0,2,
515,1253,2025-09-14,2.0,4,3.0
516,1253,2022-02-16,2.0,3,3.0
517,1254,2021-09-12,5.0,1,3.0
518,1255,2023-10-26,4.0,5,1.0
519,1255,2021-12-07,1.0,1,1.0
520,1256,2021-06-08,3.0,2,2.0
521,1257,2022-05-03,5.0,4,4.0
522,1257,2021-06-12,5.0,2,1.0
523,1257,2024-09-10,3.0,3,2.0
524,1258,2023-03-20,3.0,1,1.0
525,1258,2022-01-29,,4,4.0
526,1258,2021-11-24,,3,5.0
527,1259,2022-04-21,1.0,2,1.0
528,1259,2024-06-21,2.0,1,1.0
529,1260,2026-11-04,3.0,5,1.0
530,1261,2026-12-26,1.0,4,1.0
531,1261,2021-11-04,3.0,5,4.0
532,1261,2025-02-18,2.0,4,4.0
533,1262,2023-09-06,3.0,5,2.0
534,1262,2022-04-01,,4,4.0
535,1263,2022-09-14,5.0,1,2.0
536,1264,2021-12-04,3.0,3,1.0
537,1264,2025-11-10,2.0,2,4.0
538,1265,2024-10-12,1.0,2,3.0
539,1265,2021-11-04,3.0,1,4.0
540,1266,2026-03-26,3.0,5,1.0
541,1267,2025-01-10,5.0,4,3.0
542,1267,2023-06-24,4.0,1,5.0
543,1267,2024-10-27,1.0,4,5.0
544,1268,2025-01-31,3.0,5,4.0
545,1268,2021-12-20,3.0,4,2.0
546,1269,2021-04-17,4.0,3,3.0
547,1270,2024-01-30,1.0,1,1.0
548,1270,2025-09-21,,2,4.0
549,1271,2022-02-25,1.0,1,5.0
550,1271,2021-08-30,1.0,3,4.0
551,1272,2025-07-28,4.0,2,
552,1273,2022-10-23,5.0,2,1.0
553,1274,2022-09-27,2.0,3,2.0
554,1275,2026-11-25,5.0,2,3.0
555,1276,2024-01-23,5.0,1,
556,1276,2022-04-20,1.0,2,5.0
557,1277,2021-05-02,1.0,3,2.0
558,1277,2022-11-06,2.0,5,4.0
559,1278,2025-11-24,2.0,3,1.0
560,1278,2021-06-17,1.0,5,3.0
561,1278,2021-03-12,4.0,1,1.0
562,1279,2024-09-11,3.0,2,3.0
563,1280,2026-09-23,1.0,1,2.0
564,1280,2026-02-04,3.0,3,5.0
565,1281,2026-09-20,2.0,5,2.0
566,1281,2024-11-11,5.0,4,4.0
567,1281,2023-07-21,5.0,4,1.0
568,1282,2025-12-27,5.0,3,2.0
569,1282,2021-02-26,2.0,3,4.0
570,1282,2025-03-05,3.0,5,3.0
571,1283,2024-02-14,3.0,2,1.0
572,1283,2025-10-27,5.0,5,1.0
573,1283,2026-10-31,1.0,5,3.0
574,1284,2025-05-11,,3,1.0
575,1284,2024-01-25,4.0,3,2.0
576,1284,2022-08-13,4.0,4,1.0
577,1285,2021-10-11,1.0,3,4.0
578,1285,2023-06-20,5.0,1,1.0
579,1286,2022-10-21,3.0,5,4.0
580,1286,2026-08-06,4.0,2,3.0
581,1286,2023-01-25,3.0,2,1.0
582,1287,2026-09-30,2.0,1,2.0
583,1287,2024-06-14,1.0,1,4.0
584,1287,2024-09-03,3.0,5,4.0
585,1288,2025-04-23,3.0,2,5.0
586,1288,2024-02-11,4.0,2,
587,1289,2022-08-15,,5,2.0
588,1289,2023-06-30,3.0,1,3.0
589,1290,2023-07-17,5.0,1,2.0
590,1290,2025-05-26,,2,2.0
591,1291,2026-06-12,5.0,3,4.0
592,1291,2021-12-23,2.0,4,
593,1291,2025-01-11,4.0,2,2.0
594,1292,2026-04-29,2.0,1,4.0
595,1292,2021-05-16,4.0,2,2.0
596,1292,2021-07-04,1.0,3,5.0
597,1293,2022-01-26,,5,
598,1293,2023-05-17,1.0,3,2.0
599,1293,2021-09-11,5.0,1,5.0
600,1294,2025-10-29,1.0,1,5.0
601,1295,2024-02-25,2.0,4,3.0
602,1295,2024-06-20,1.0,1,3.0
603,1296,2022-08-08,4.0,2,5.0
604,1296,2023-06-09,1.0,2,3.0
605,1296,2026-04-04,,4,4.0
606,1297,2024-03-25,1.0,2,4.0
607,1297,2024-12-15,,2,1.0
608,1297,2026-01-23,5.0,4,1.0
609,1298,2022-12-26,4.0,4,3.0
610,1298,2022-10-18,,5,1.0
611,1299,2021-10-31,3.0,5,1.0
612,1300,2025-05-20,2.0,4,1.0
613,1301,2026-05-12,5.0,4,
614,1301,2026-06-15,2.0,1,2.0
615,1301,2022-07-20,5.0,4,2.0
616,1302,2023-06-23,5.0,4,5.0
617,1302,2023-02-28,,1,2.0
618,1302,2024-10-10,,2,2.0
619,1303,2021-10-27,5.0,2,2.0
620,1303,2026-08-20,2.0,4,3.0
621,1303,2023-11-23,4.0,1,2.0
622,1304,2021-10-21,5.0,3,4.0
623,1304,2022-02-07,2.0,3,
624,1305,2025-10-19,1.0,4,3.0
625,1305,2023-06-22,3.0,3,4.0
626,1305,2024-02-20,1.0,3,4.0
627,1306,2025-02-05,2.0,4,2.0
628,1306,2025-08-10,3.0,3,4.0
629,1307,2022-11-06,4.0,3,5.0
630,1307,2021-03-30,5.0,3,3.0
631,1307,2025-08-20,4.0,5,
632,1308,2024-09-29,5.0,1,4.0
633,1309,2025-09-08,1.0,4,2.0
634,1310,2025-12-11,5.0,5,3.0
635,1311,2021-10-26,3.0,2,3.0
636,1312,2023-02-02,1.0,2,3.0
637,1312,2021-01-26,2.0,3,4.0
638,1312,2022-07-15,3.0,3,5.0
639,1313,2023-04-14,5.0,2,1.0
640,1314,2022-08-13,5.0,2,1.0
641,1314,2024-01-10,2.0,3,2.0
642,1314,2025-12-29,1.0,1,4.0
643,1315,2026-11-01,2.0,4,2.0
644,1315,2022-09-13,,1,1.0
645,1316,2023-11-03,5.0,5,3.0
646,1317,2026-01-23,2.0,5,2.0
647,1318,2025-07-19,1.0,4,5.0
648,1318,2024-10-06,1.0,3,
649,1319,2025-02-26,3.0,4,5.0
650,1319,2023-02-09,3.0,2,1.0
651,1319,2023-06-01,3.0,3,1.0
652,1320,2022-03-26,,4,3.0
653,1321,2021-07-19,5.0,2,1.0
654,1321,2021-05-27,5.0,3,5.0
655,1322,2021-09-19,,3,1.0
656,1322,2023-05-25,4.0,3,5.0
657,1323,2023-06-09,5.0,4,1.0
658,1324,2021-06-22,4.0,5,
659,1324,2024-07-25,1.0,4,4.0
660,1325,2021-05-28,4.0,1,4.0
661,1325,2022-02-25,,4,4.0
662,1326,2022-02-26,5.0,4,2.0
663,1326,2025-10-04,1.0,5,5.0
664,1326,2025-04-28,4.0,4,5.0
665,1327,2023-03-27,5.0,2,5.0
666,1327,2021-04-26,,3,1.0
667,1328,2021-10-02,2.0,5,3.0
668,1328,2025-02-22,3.0,2,4.0
669,1328,2026-09-17,3.0,2,2.0
670,1329,2026-05-29,2.0,3,2.0
671,1329,2024-01-02,,4,3.0
672,1330,2023-04-10,5.0,1,
673,1330,2026-03-08,2.0,2,3.0
674,1331,2023-06-29,4.0,3,5.0
675,1331,2021-09-08,,2,3.0
676,1332,2025-10-13,2.0,1,3.0
677,1332,2023-02-20,,1,5.0
678,1333,2021-02-02,5.0,4,2.0
679,1333,2026-05-01,2.0,4,2.0
680,1333,2026-08-16,4.0,3,1.0
681,1334,2025-05-17,3.0,2,4.0
682,1335,2022-08-23,,1,4.0
683,1336,2024-04-24,2.0,3,3.0
684,1337,2026-06-04,2.0,4,1.0
685,1337,2025-10-16,,1,5.0
686,1338,2025-02-03,5.0,5,4.0
687,1338,2026-02-08,4.0,4,4.0
688,1338,2025-03-27,,5,5.0
689,1339,2025-02-10,2.0,2,
690,1340,2025-02-02,3.0,2,4.0
691,1341,2021-12-28,5.0,5,2.0
692,1341,2021-02-24,1.0,4,2.0
693,1342,2025-09-22,3.0,1,4.0
694,1343,2024-09-08,3.0,1,5.0
695,1344,2022-09-13,,4,4.0
696,1344,2024-11-29,,5,1.0
697,1344,2024-10-09,5.0,5,3.0
698,1345,2024-03-29,5.0,5,2.0
699,1345,2022-01-01,5.0,5,3.0
700,1346,2022-01-09,1.0,3,4.0
701,1347,2025-05-06,2.0,3,5.0
702,1347,2022-01-11,2.0,4,1.0
703,1348,2022-08-23,2.0,5,4.0
704,1348,2022-11-13,2.0,4,5.0
705,1348,2022-08-02,2.0,1,1.0
706,1349,2025-03-25,4.0,1,1.0
707,1349,2024-10-16,,3,1.0
708,1349,2025-06-30,2.0,2,4.0
709,1350,2024-08-04,1.0,4,2.0
710,1350,2022-01-02,2.0,1,2.0
711,1350,2023-08-20,1.0,1,5.0
712,1351,2024-06-22,4.0,5,1.0
713,1351,2024-02-16,1.0,1,2.0
714,1351,2021-07-27,3.0,5,5.0
715,1352,2025-12-22,,4,3.0
716,1352,2026-12-27,,1,4.0
717,1352,2022-07-16,5.0,4,1.0
718,1353,2026-02-23,1.0,3,5.0
719,1353,2023-06-22,4.0,1,3.0
720,1353,2023-05-19,,2,3.0
721,1354,2026-08-26,5.0,3,2.0
722,1355,2022-07-28,1.0,4,1.0
723,1356,2024-12-29,2.0,1,4.0
724,1356,2022-02-07,1.0,5,4.0
725,1356,2023-06-07,4.0,4,2.0
726,1357,2025-06-13,4.0,2,
727,1358,2025-11-06,4.0,4,2.0
728,1358,2023-03-09,4.0,4,
729,1359,2024-08-23,,2,4.0
730,1359,2021-01-03,2.0,4,5.0
731,1359,2022-03-11,3.0,2,2.0
732,1360,2025-11-12,3.0,3,4.0
733,1360,2023-02-09,5.0,5,4.0
734,1361,2024-04-06,,1,1.0
735,1361,2023-02-11,4.0,5,4.0
736,1362,2024-12-08,2.0,1,3.0
737,1363,2024-06-17,5.0,5,1.0
738,1363,2021-01-18,,5,3.0
739,1363,2023-01-12,2.0,5,5.0
740,1364,2026-03-12,5.0,1,4.0
741,1364,2021-03-15,2.0,1,2.0
742,1365,2026-09-09,2.0,4,1.0
743,1366,2021-04-05,1.0,4,2.0
744,1366,2023-02-14,5.0,4,2.0
745,1366,2021-03-06,5.0,4,1.0
746,1367,2021-03-23,,2,4.0
747,1368,2026-01-23,2.0,3,4.0
748,1368,2024-08-30,2.0,4,3.0
749,1369,2025-02-14,1.0,4,3.0
750,1369,2026-07-13,4.0,2,4.0
751,1369,2023-06-16,3.0,3,3.0
752,1370,2025-09-12,1.0,3,4.0
753,1370,2024-04-30,5.0,5,3.0
754,1371,2025-10-24,2.0,2,3.0
755,1371,2025-05-24,4.0,3,2.0
756,1371,2026-03-03,5.0,4,
757,1372,2024-04-05,5.0,2,5.0
758,1372,2023-06-14,2.0,3,4.0
759,1373,2024-10-13,2.0,5,4.0
760,1373,2021-09-02,1.0,3,3.0
761,1374,2026-03-14,1.0,2,5.0
762,1374,2023-03-15,,5,2.0
763,1374,2026-07-01,1.0,2,4.0
764,1375,2021-01-20,3.0,2,3.0
765,1375,2024-10-04,5.0,5,1.0
766,1375,2021-01-20,3.0,3,1.0
767,1376,2023-05-10,1.0,3,5.0
768,1376,2023-12-21,2.0,2,2.0
769,1377,2022-02-16,4.0,1,3.0
770,1378,2022-11-15,2.0,4,
771,1379,2025-11-14,2.0,4,3.0
772,1379,2021-07-29,2.0,5,3.0
773,1380,2024-12-04,4.0,3,2.0
774,1380,2025-11-02,3.0,1,1.0
775,1381,2026-05-07,1.0,3,3.0
776,1381,2023-06-20,3.0,4,3.0
777,1381,2023-02-03,1.0,5,4.0
778,1382,2025-04-28,4.0,1,2.0
779,1383,2025-09-30,1.0,2,4.0
780,1384,2021-04-28,3.0,5,2.0
781,1384,2025-12-16,3.0,4,5.0
782,1385,2023-08-17,1.0,1,1.0
783,1386,2024-10-08,4.0,1,2.0
784,1386,2021-05-14,4.0,3,1.0
785,1386,2022-05-28,5.0,4,5.0
786,1387,2023-06-01,2.0,3,1.0
787,1387,2026-12-14,2.0,1,5.0
788,1388,2022-09-16,5.0,1,1.0
789,1388,2025-02-09,2.0,1,2.0
790,1389,2023-11-12,2.0,2,2.0
791,1389,2026-03-27,4.0,2,3.0
792,1389,2024-04-14,5.0,5,1.0
793,1390,2026-11-06,3.0,2,2.0
794,1391,2021-12-13,3.0,1,5.0
795,1391,2022-05-02,2.0,1,5.0
796,1391,2022-04-15,,4,2.0
797,1392,2026-01-26,2.0,2,3.0
798,1392,2021-12-08,2.0,1,4.0
799,1392,2022-02-06,5.0,5,5.0
800,1393,2025-12-19,2.0,2,1.0
801,1393,2021-04-21,4.0,3,4.0
802,1393,2025-12-16,2.0,3,4.0
803,1394,2023-03-16,5.0,1,1.0
804,1394,2022-12-29,3.0,1,
805,1395,2026-07-18,4.0,5,5.0
806,1396,2021-08-15,1.0,2,3.0
807,1396,2025-06-13,5.0,1,4.0
808,1396,2023-04-23,2.0,3,1.0
809,1397,2022-08-22,4.0,2,3.0
810,1397,2023-09-25,4.0,5,
811,1398,2024-07-08,2.0,1,
812,1398,2024-06-25,2.0,2,4.0
813,1398,2022-11-24,,3,2.0
814,1399,2021-11-11,,4,5.0
815,1400,2021-02-07,1.0,2,4.0
816,1400,2026-05-16,5.0,2,1.0
817,1400,2024-06-08,4.0,4,4.0
818,1401,2022-06-15,4.0,1,
819,1401,2026-04-26,3.0,1,1.0
820,1402,2021-04-23,1.0,5,3.0
821,1402,2021-01-27,5.0,5,2.0
822,1403,2023-12-21,1.0,3,5.0
823,1403,2026-04-20,3.0,2,3.0
824,1404,2023-02-02,4.0,4,4.0
825,1404,2022-04-22,4.0,5,2.0
826,1404,2023-09-13,5.0,5,2.0
827,1405,2025-04-13,4.0,4,4.0
828,1405,2026-07-19,5.0,2,1.0
829,1406,2024-03-19,1.0,1,5.0
830,1406,2024-03-28,2.0,4,2.0
831,1407,2022-12-22,3.0,4,4.0
832,1408,2022-03-29,2.0,1,1.0
833,1408,2022-12-15,4.0,1,1.0
834,1409,2025-06-14,2.0,5,2.0
835,1409,2021-04-22,4.0,3,4.0
836,1410,2026-09-23,3.0,4,5.0
837,1410,2023-08-06,1.0,1,5.0
838,1411,2023-07-23,3.0,4,4.0
839,1412,2023-01-12,2.0,2,1.0
840,1412,2021-08-25,5.0,4,2.0
841,1412,2023-12-19,3.0,1,3.0
842,1413,2022-11-29,2.0,2,1.0
843,1413,2023-02-28,5.0,1,4.0
844,1414,2025-06-29,5.0,1,5.0
845,1415,2026-11-03,3.0,3,5.0
846,1415,2026-01-13,5.0,5,3.0
847,1416,2022-05-24,1.0,1,2.0
848,1416,2025-09-07,3.0,3,4.0
849,1416,2022-02-22,5.0,1,5.0
850,1417,2023-09-24,1.0,1,3.0
851,1417,2026-03-04,4.0,3,1.0
852,1418,2024-06-03,4.0,5,4.0
853,1418,2021-12-30,4.0,5,5.0
854,1419,2021-08-08,5.0,4,5.0
855,1420,2021-02-23,2.0,4,1.0
856,1420,2022-12-05,1.0,1,4.0
857,1420,2022-05-09,4.0,2,2.0
858,1421,2021-05-31,4.0,1,5.0
859,1422,2022-11-01,5.0,5,2.0
860,1422,2024-09-25,3.0,5,3.0
861,1423,2022-05-22,3.0,2,2.0
862,1424,2022-09-24,3.0,2,2.0
863,1424,2024-01-21,3.0,1,3.0
864,1425,2023-11-07,2.0,4,1.0
865,1425,2023-01-17,4.0,2,1.0
866,1425,2025-06-07,4.0,2,1.0
867,1426,2023-05-02,5.0,5,3.0
868,1426,2023-06-11,3.0,1,1.0
869,1426,2026-11-06,5.0,3,4.0
870,1427,2024-06-06,1.0,3,4.0
871,1427,2021-05-12,5.0,5,2.0
872,1427,2026-03-03,5.0,4,2.0
873,1428,2026-09-13,2.0,1,1.0
874,1428,2026-04-12,1.0,2,2.0
875,1428,2022-05-11,4.0,4,4.0
876,1429,2023-01-09,2.0,3,1.0
877,1429,2024-01-13,2.0,1,2.0
878,1429,2021-09-09,5.0,4,2.0
879,1430,2024-06-17,2.0,1,2.0
880,1430,2024-06-23,1.0,3,1.0
881,1430,2024-01-14,3.0,2,5.0
882,1431,2025-02-15,1.0,1,3.0
883,1431,2022-01-08,5.0,1,4.0
884,1431,2025-09-03,5.0,3,1.0
885,1432,2026-07-21,5.0,3,3.0
886,1433,2026-03-30,5.0,1,1.0
887,1434,2024-08-23,3.0,1,2.0
888,1434,2021-11-08,,1,2.0
889,1435,2023-01-13,2.0,5,3.0
890,1436,2025-04-15,,4,2.0
891,1436,2022-11-19,4.0,5,4.0
892,1436,2023-10-22,3.0,1,5.0
893,1437,2021-03-08,5.0,5,2.0
894,1438,2025-03-31,3.0,4,2.0
895,1439,2023-02-23,2.0,2,2.0
896,1439,2023-09-03,3.0,3,5.0
897,1439,2026-11-28,2.0,4,1.0
898,1440,2025-01-22,5.0,3,1.0
899,1440,2022-07-02,2.0,5,5.0
900,1441,2021-03-30,,5,3.0
901,1441,2026-11-13,3.0,5,5.0
902,1442,2021-02-03,5.0,2,4.0
903,1442,2025-09-25,5.0,3,5.0
904,1443,2026-04-11,2.0,4,1.0
905,1443,2026-11-13,,2,4.0
906,1444,2022-07-13,1.0,5,5.0
907,1445,2025-07-05,4.0,4,3.0
908,1445,2023-11-24,5.0,4,4.0
909,1445,2021-04-02,1.0,4,1.0
910,1446,2021-12-03,,1,3.0
911,1446,2023-12-04,1.0,4,2.0
912,1446,2025-09-12,1.0,4,4.0
913,1447,2026-09-01,,4,3.0
914,1447,2024-04-13,1.0,3,4.0
915,1447,2023-04-30,5.0,3,2.0
916,1448,2024-02-14,4.0,3,
917,1448,2023-07-29,1.0,4,4.0
918,1448,2023-12-19,3.0,2,2.0
919,1449,2024-09-18,,4,5.0
920,1449,2024-09-15,1.0,1,1.0
921,1449,2022-12-08,2.0,4,4.0
922,1450,2023-10-19,5.0,5,1.0
923,1450,2021-08-01,3.0,4,4.0
924,1451,2021-12-13,3.0,1,
925,1452,2024-09-27,2.0,1,5.0
926,1453,2026-08-26,,3,3.0
927,1453,2026-11-18,2.0,4,4.0
928,1453,2025-08-27,,2,2.0
929,1454,2024-02-27,2.0,2,2.0
930,1455,2025-03-27,5.0,2,5.0
931,1455,2022-09-09,2.0,2,1.0
932,1455,2021-07-15,2.0,4,4.0
933,1456,2025-01-03,1.0,4,3.0
934,1457,2025-05-09,4.0,2,4.0
935,1457,2026-09-18,4.0,5,3.0
936,1458,2026-07-24,5.0,3,4.0
937,1458,2024-03-14,5.0,5,3.0
938,1458,2026-01-02,3.0,4,3.0
939,1459,2026-03-23,1.0,4,2.0
940,1459,2022-09-08,5.0,1,1.0
941,1460,2025-12-29,4.0,3,1.0
942,1460,2026-04-14,2.0,2,1.0
943,1461,2021-05-13,,1,5.0
944,1461,2025-03-07,5.0,4,1.0
945,1461,2024-04-04,3.0,3,2.0
946,1462,2025-09-28,2.0,3,3.0
947,1462,2022-06-18,2.0,4,2.0
948,1463,2021-05-31,1.0,3,1.0
949,1463,2021-10-15,,1,5.0
950,1464,2025-01-21,2.0,4,5.0
951,1464,2025-06-23,,3,5.0
952,1464,2024-07-27,,5,1.0
953,1465,2021-11-10,4.0,3,3.0
954,1466,2026-09-23,3.0,4,4.0
955,1466,2026-03-06,5.0,5,1.0
956,1466,2022-08-27,4.0,5,4.0
957,1467,2025-03-16,3.0,1,3.0
958,1468,2023-08-07,,1,2.0
959,1468,2024-03-16,2.0,1,2.0
960,1468,2025-09-26,3.0,2,4.0
961,1469,2021-12-28,1.0,5,3.0
962,1470,2023-09-25,,2,4.0
963,1470,2026-08-12,5.0,3,1.0
964,1471,2021-01-11,3.0,2,3.0
965,1472,2022-11-13,5.0,2,
966,1472,2021-12-03,5.0,5,2.0
967,1473,2022-01-27,4.0,2,4.0
968,1473,2023-02-09,1.0,1,3.0
969,1473,2025-09-10,2.0,3,3.0
970,1474,2025-02-02,1.0,2,5.0
971,1474,2021-08-26,1.0,5,5.0
972,1474,2025-03-17,5.0,3,1.0
973,1475,2024-11-14,5.0,5,1.0
974,1475,2022-02-02,2.0,5,2.0
975,1476,2021-06-18,3.0,1,5.0
976,1477,2023-02-14,,3,3.0
977,1478,2022-10-06,5.0,1,2.0
978,1479,2023-09-19,5.0,1,5.0
979,1479,2026-10-11,5.0,3,1.0
980,1479,2021-12-23,2.0,3,2.0
981,1480,2024-12-30,,3,2.0
982,1480,2021-06-09,2.0,2,1.0
983,1480,2025-12-12,1.0,5,
984,1481,2025-07-27,1.0,3,5.0
985,1482,2025-07-25,5.0,4,3.0
986,1482,2024-05-28,2.0,1,3.0
987,1482,2022-02-07,5.0,2,2.0
988,1483,2022-09-18,5.0,1,5.0
989,1483,2022-02-26,4.0,1,1.0
990,1484,2025-04-08,1.0,5,4.0
991,1484,2022-10-18,,3,5.0
992,1485,2026-08-25,1.0,2,2.0
993,1486,2025-07-06,1.0,2,4.0
994,1487,2022-08-22,4.0,1,5.0
995,1487,2021-12-20,5.0,1,3.0
996,1487,2024-12-11,1.0,4,2.0
997,1488,2023-04-05,2.0,2,
998,1489,2023-12-31,,5,4.0
999,1490,2023-02-23,5.0,5,2.0
1000,1490,2021-12-28,4.0,3,2.0
1001,1491,2026-09-28,2.0,1,1.0
1002,1491,2025-04-06,2.0,1,5.0
1003,1492,2025-09-11,,3,2.0
1004,1492,2025-06-23,3.0,5,3.0
1005,1493,2021-12-08,1.0,5,1.0
1006,1493,2023-11-30,5.0,2,4.0
1007,1494,2024-12-22,1.0,4,3.0
1008,1495,2026-09-22,2.0,4,4.0
1009,1496,2023-09-01,4.0,1,5.0
1010,1496,2022-06-09,2.0,2,1.0
1011,1496,2023-03-04,,5,1.0
1012,1497,2024-02-09,1.0,4,4.0
1013,1497,2026-09-16,1.0,1,
1014,1498,2026-11-05,3.0,5,3.0
1015,1499,2021-10-28,2.0,5,5.0
1016,1499,2025-01-21,1.0,2,5.0
1017,1500,2022-01-16,4.0,4,2.0
1018,1500,2024-09-19,4.0,2,1.0
1019,1501,2026-09-23,4.0,5,5.0
1020,1502,2024-09-20,5.0,4,4.0
1021,1502,2026-12-31,2.0,2,2.0
1022,1503,2022-03-30,5.0,5,5.0
1023,1504,2026-09-20,2.0,5,
1024,1505,2025-09-27,4.0,4,3.0
1025,1505,2025-06-24,4.0,3,
1026,1506,2024-08-26,5.0,5,3.0
1027,1506,2023-04-02,4.0,1,1.0
1028,1507,2022-10-12,3.0,5,3.0
1029,1507,2024-02-07,5.0,1,5.0
1030,1508,2025-04-30,1.0,2,3.0
1031,1508,2022-04-28,4.0,5,1.0
1032,1508,2024-01-04,5.0,5,3.0
1033,1509,2025-11-21,3.0,3,1.0
1034,1509,2025-10-15,1.0,2,4.0
1035,1510,2023-04-27,1.0,3,1.0
1036,1510,2025-06-11,5.0,2,1.0
1037,1510,2022-09-28,,2,3.0
1038,1511,2023-05-31,2.0,3,3.0
1039,1511,2021-07-19,5.0,5,4.0
1040,1512,2021-07-21,5.0,1,4.0
1041,1512,2023-04-16,5.0,2,
1042,1512,2024-09-28,3.0,2,1.0
1043,1513,2026-06-14,2.0,1,5.0
1044,1513,2021-03-06,3.0,3,3.0
1045,1514,2025-11-27,5.0,4,
1046,1515,2021-07-16,4.0,3,2.0
1047,1515,2021-09-15,2.0,1,3.0
1048,1516,2022-09-21,2.0,5,3.0
1049,1516,2025-01-03,3.0,3,2.0
1050,1516,2026-02-03,2.0,3,1.0
1051,1517,2025-09-04,5.0,3,2.0
1052,1517,2026-09-29,2.0,3,3.0
1053,1518,2021-04-02,,4,5.0
1054,1518,2022-02-14,,5,5.0
1055,1519,2022-09-20,1.0,5,3.0
1056,1519,2022-11-08,3.0,3,3.0
1057,1519,2022-12-30,2.0,5,4.0
1058,1520,2026-05-04,2.0,3,3.0
1059,1520,2024-07-31,4.0,5,3.0
1060,1520,2023-12-15,1.0,2,3.0
1061,1521,2026-07-11,3.0,1,4.0
1062,1521,2022-07-31,3.0,1,5.0
1063,1521,2021-08-09,5.0,4,5.0
1064,1522,2025-01-14,2.0,5,1.0
1065,1522,2022-03-26,4.0,1,1.0
1066,1523,2023-12-13,3.0,2,2.0
1067,1523,2026-06-05,1.0,2,3.0
1068,1524,2024-10-11,3.0,4,4.0
1069,1525,2026-06-22,1.0,3,3.0
1070,1525,2025-03-13,1.0,4,3.0
1071,1526,2022-08-16,5.0,5,2.0
1072,1527,2024-11-10,3.0,4,1.0
1073,1527,2026-08-17,5.0,1,4.0
1074,1528,2026-12-15,4.0,3,2.0
1075,1528,2023-05-25,1.0,3,4.0
1076,1528,2023-10-28,,4,1.0
1077,1529,2026-07-12,4.0,5,1.0
1078,1529,2022-05-25,4.0,5,2.0
1079,1529,2021-06-20,3.0,5,5.0
1080,1530,2025-07-07,2.0,1,3.0
1081,1530,2025-05-10,1.0,1,2.0
1082,1530,2021-05-08,,1,3.0
1083,1531,2024-01-10,4.0,5,4.0
1084,1532,2026-12-07,4.0,3,5.0
1085,1533,2025-02-04,1.0,5,2.0
1086,1533,2025-07-04,2.0,2,5.0
1087,1534,2025-02-16,2.0,3,4.0
1088,1534,2026-02-05,5.0,2,1.0
1089,1535,2023-05-26,5.0,2,3.0
1090,1536,2024-01-20,1.0,2,
1091,1536,2024-06-22,1.0,5,3.0
1092,1537,2025-08-23,4.0,4,2.0
1093,1538,2021-02-15,3.0,1,1.0
1094,1539,2022-09-21,2.0,4,4.0
1095,1539,2025-08-28,1.0,2,3.0
1096,1540,2021-10-07,4.0,2,3.0
1097,1540,2022-03-01,5.0,1,5.0
1098,1540,2022-11-12,2.0,1,2.0
1099,1541,2021-12-05,2.0,1,2.0
1100,1541,2022-08-25,5.0,3,5.0
1101,1542,2023-12-18,3.0,3,3.0
1102,1542,2024-07-22,4.0,3,2.0
1103,1542,2026-12-21,3.0,3,1.0
1104,1543,2021-03-16,2.0,3,4.0
1105,1544,2023-06-06,1.0,4,5.0
1106,1545,2024-02-19,4.0,4,1.0
1107,1545,2021-11-02,1.0,3,2.0
1108,1545,2021-09-02,5.0,1,2.0
1109,1546,2025-05-14,2.0,1,5.0
1110,1547,2026-04-04,1.0,4,4.0
1111,1548,2026-06-03,,4,4.0
1112,1549,2025-03-09,5.0,1,4.0
1113,1550,2023-01-30,4.0,1,1.0
1114,1550,2026-10-16,4.0,4,3.0
1115,1551,2023-06-30,1.0,1,1.0
1116,1551,2024-05-03,2.0,3,2.0
1117,1551,2022-03-24,4.0,5,4.0
1118,1552,2023-08-03,1.0,5,3.0
1119,1552,2021-05-16,1.0,5,3.0
1120,1552,2024-10-09,4.0,1,2.0
1121,1553,2021-10-11,5.0,3,1.0
1122,1553,2022-08-06,5.0,5,2.0
1123,1553,2022-12-19,4.0,1,1.0
1124,1554,2025-06-19,,2,2.0
1125,1554,2022-07-30,3.0,2,4.0
1126,1555,2026-09-21,4.0,4,1.0
1127,1556,2023-08-08,3.0,2,2.0
1128,1556,2023-02-26,3.0,5,5.0
1129,1557,2024-08-29,,1,3.0
1130,1557,2023-06-11,4.0,3,3.0
1131,1557,2024-05-31,,1,2.0
1132,1558,2024-09-15,2.0,3,2.0
1133,1559,2023-06-23,5.0,3,5.0
1134,1559,2021-11-30,5.0,4,4.0
1135,1559,2026-01-25,1.0,1,3.0
1136,1560,2025-04-14,,1,3.0
1137,1560,2023-08-08,,5,4.0
1138,1560,2023-11-27,5.0,1,2.0
1139,1561,2025-11-20,4.0,1,4.0
1140,1561,2026-02-07,1.0,2,2.0
1141,1561,2021-07-02,1.0,2,4.0
1142,1562,2026-01-23,2.0,3,4.0
1143,1563,2021-01-02,3.0,3,3.0
1144,1563,2024-05-28,5.0,4,5.0
1145,1564,2024-11-11,2.0,4,5.0
1146,1564,2021-07-30,1.0,4,3.0
1147,1564,2025-01-14,5.0,5,5.0
1148,1565,2022-03-07,3.0,1,4.0
1149,1565,2024-06-10,1.0,4,5.0
1150,1565,2026-03-05,3.0,2,3.0
1151,1566,2023-05-11,5.0,3,2.0
1152,1566,2021-02-12,5.0,5,1.0
1153,1566,2024-11-29,5.0,4,4.0
1154,1567,2023-01-16,4.0,4,5.0
1155,1568,2026-05-06,2.0,1,4.0
1156,1569,2025-03-15,4.0,4,4.0
1157,1569,2025-07-23,1.0,2,2.0
1158,1569,2025-12-24,4.0,1,4.0
1159,1570,2025-01-04,,1,4.0
1160,1570,2021-05-14,2.0,4,4.0
1161,1570,2022-11-03,5.0,2,2.0
1162,1571,2023-07-31,,3,2.0
1163,1572,2021-04-23,,4,4.0
1164,1572,2021-01-10,5.0,4,3.0
1165,1573,2025-05-24,3.0,3,2.0
1166,1573,2024-11-08,2.0,2,1.0
1167,1573,2025-04-16,4.0,3,
1168,1574,2026-12-18,5.0,4,5.0
1169,1574,2026-11-02,3.0,1,1.0
1170,1575,2026-12-09,2.0,1,3.0
1171,1575,2024-05-24,3.0,2,4.0
1172,1576,2025-10-04,3.0,5,4.0
1173,1576,2021-04-23,5.0,2,4.0
1174,1577,2023-10-18,2.0,1,2.0
1175,1578,2024-08-28,1.0,5,1.0
1176,1578,2022-06-24,4.0,5,2.0
1177,1579,2026-10-29,5.0,4,4.0
1178,1579,2022-10-08,2.0,3,1.0
1179,1580,2022-04-09,3.0,4,2.0
1180,1580,2021-02-04,5.0,2,3.0
1181,1580,2021-01-28,2.0,4,5.0
1182,1581,2026-06-21,1.0,3,1.0
1183,1582,2022-10-15,1.0,1,1.0
1184,1582,2025-02-10,1.0,3,4.0
1185,1583,2021-10-07,4.0,1,4.0
1186,1584,2021-03-15,4.0,1,4.0
1187,1584,2024-02-04,3.0,2,5.0
1188,1585,2026-12-30,2.0,3,4.0
1189,1586,2025-03-06,5.0,5,2.0
1190,1586,2023-06-05,4.0,4,2.0
1191,1587,2024-10-06,1.0,4,1.0
1192,1587,2021-11-06,5.0,3,2.0
1193,1587,2026-03-01,5.0,1,1.0
1194,1588,2026-07-27,,5,1.0
1195,1589,2022-06-20,,1,2.0
1196,1589,2024-12-16,1.0,2,2.0
1197,1590,2021-01-16,2.0,3,5.0
1198,1591,2022-10-24,2.0,5,5.0
1199,1591,2022-05-27,1.0,1,3.0
1200,1591,2021-12-08,4.0,3,5.0
1201,1592,2026-02-26,2.0,3,4.0
1202,1592,2024-05-09,1.0,5,3.0
1203,1592,2025-04-28,4.0,2,5.0
1204,1593,2021-10-15,,2,5.0
1205,1593,2023-08-24,3.0,4,4.0
1206,1594,2024-06-06,4.0,2,3.0
1207,1594,2026-10-27,3.0,4,5.0
1208,1594,2022-03-28,2.0,3,4.0
1209,1595,2021-06-26,3.0,2,5.0
1210,1595,2023-07-17,5.0,3,1.0
1211,1596,2025-09-12,1.0,1,2.0
1212,1596,2021-09-27,1.0,4,5.0
1213,1596,2024-03-25,3.0,2,4.0
1214,1597,2023-12-08,4.0,5,2.0
1215,1597,2023-08-04,2.0,1,2.0
1216,1598,2021-08-29,1.0,1,3.0
1217,1598,2022-04-11,3.0,4,2.0
1218,1598,2021-09-27,2.0,3,4.0
1219,1599,2021-09-27,3.0,5,1.0
1220,1599,2023-06-10,3.0,3,5.0
1221,1600,2024-06-08,5.0,2,3.0
1222,1600,2024-08-16,2.0,5,2.0
1223,1600,2021-12-04,4.0,3,4.0
1224,1601,2022-11-01,,3,2.0
1225,1602,2023-04-11,2.0,2,
1226,1602,2021-08-16,5.0,4,
1227,1603,2026-01-24,4.0,5,3.0
1228,1603,2021-08-04,4.0,3,3.0
1229,1604,2022-08-12,2.0,1,5.0
1230,1605,2024-01-02,4.0,5,3.0
1231,1605,2025-06-28,2.0,5,3.0
1232,1605,2023-01-21,1.0,3,2.0
1233,1606,2023-03-23,5.0,2,2.0
1234,1607,2026-05-26,1.0,2,
1235,1607,2023-08-01,3.0,4,2.0
1236,1607,2026-05-03,3.0,3,2.0
1237,1608,2026-02-22,5.0,2,2.0
1238,1609,2021-10-25,2.0,4,1.0
1239,1610,2021-04-27,2.0,4,2.0
1240,1611,2026-08-05,1.0,1,3.0
1241,1611,2021-08-03,5.0,3,3.0
1242,1611,2025-05-30,2.0,3,3.0
1243,1612,2025-03-05,1.0,1,2.0
1244,1613,2026-10-19,3.0,1,1.0
1245,1614,2024-12-01,1.0,2,3.0
1246,1614,2021-10-08,3.0,5,3.0
1247,1614,2024-07-10,4.0,3,4.0
1248,1615,2023-08-03,1.0,2,4.0
1249,1615,2025-08-05,5.0,2,2.0
1250,1616,2021-11-01,4.0,5,4.0
1251,1617,2022-06-23,3.0,1,4.0
1252,1617,2024-03-30,1.0,2,1.0
1253,1617,2026-08-14,1.0,3,5.0
1254,1618,2024-06-07,4.0,2,4.0
1255,1618,2026-09-01,2.0,1,
1256,1618,2024-03-11,,4,1.0
1257,1619,2026-06-12,1.0,5,2.0
1258,1619,2023-04-29,5.0,1,1.0
1259,1619,2025-04-30,3.0,2,4.0
1260,1620,2024-12-14,5.0,1,5.0
1261,1620,2021-07-07,5.0,3,3.0
1262,1620,2025-06-28,1.0,5,4.0
1263,1621,2021-02-19,2.0,4,2.0
1264,1621,2022-04-05,2.0,3,2.0
1265,1621,2024-12-11,4.0,4,2.0
1266,1622,2021-04-28,1.0,5,2.0
1267,1622,2026-11-02,,5,4.0
1268,1623,2024-03-09,5.0,5,3.0
1269,1623,2023-12-02,5.0,4,4.0
1270,1623,2025-04-02,4.0,5,1.0
1271,1624,2024-10-14,4.0,4,1.0
1272,1624,2021-07-06,,3,3.0
1273,1624,2024-05-28,5.0,2,4.0
1274,1625,2022-08-24,,1,4.0
1275,1626,2024-11-18,1.0,4,5.0
1276,1626,2026-04-08,3.0,4,2.0
1277,1626,2022-02-12,4.0,4,1.0
1278,1627,2025-08-30,5.0,1,5.0
1279,1627,2021-02-21,3.0,1,4.0
1280,1628,2024-04-03,3.0,3,2.0
1281,1629,2021-05-09,1.0,5,3.0
1282,1629,2023-05-06,1.0,5,5.0
1283,1630,2026-05-14,4.0,2,2.0
1284,1630,2023-04-09,3.0,3,4.0
1285,1631,2021-11-22,5.0,3,
1286,1632,2023-07-15,3.0,1,3.0
1287,1633,2025-08-18,3.0,3,5.0
1288,1633,2026-07-27,3.0,2,4.0
1289,1634,2024-10-11,1.0,2,4.0
1290,1634,2022-11-11,4.0,2,4.0
1291,1635,2025-04-15,1.0,4,
1292,1636,2026-10-26,1.0,5,1.0
1293,1636,2022-11-11,1.0,5,1.0
1294,1637,2022-04-16,,2,4.0
1295,1638,2024-02-03,5.0,4,5.0
1296,1639,2023-03-05,,4,5.0
1297,1639,2024-08-15,1.0,5,4.0
1298,1639,2022-10-18,3.0,3,
1299,1640,2025-05-29,5.0,2,5.0
1300,1640,2021-11-11,1.0,3,4.0
1301,1640,2022-03-27,,5,1.0
1302,1641,2022-05-14,2.0,3,4.0
1303,1642,2025-04-19,5.0,1,5.0
1304,1643,2022-05-24,3.0,1,1.0
1305,1644,2025-03-30,5.0,5,3.0
1306,1644,2023-05-16,2.0,3,4.0
1307,1644,2024-02-25,1.0,1,2.0
1308,1645,2022-03-01,1.0,3,1.0
1309,1646,2022-04-20,3.0,4,2.0
1310,1647,2025-01-19,1.0,4,
1311,1647,2025-05-02,1.0,4,3.0
1312,1647,2023-05-22,1.0,1,5.0
1313,1648,2025-05-16,2.0,3,3.0
1314,1649,2026-04-19,4.0,5,2.0
1315,1649,2021-04-22,3.0,2,4.0
1316,1650,2026-11-22,4.0,4,5.0
1317,1651,2023-07-26,5.0,4,2.0
1318,1652,2025-07-15,5.0,3,2.0
1319,1652,2022-11-19,,4,
1320,1652,2021-07-06,4.0,3,1.0
1321,1653,2026-12-27,4.0,5,1.0
1322,1653,2022-01-23,4.0,2,3.0
1323,1654,2021-03-29,2.0,1,4.0
1324,1654,2024-05-15,3.0,5,5.0
1325,1655,2023-10-31,5.0,5,5.0
1326,1655,2022-03-13,1.0,1,2.0
1327,1656,2025-12-26,4.0,4,1.0
1328,1657,2023-04-08,4.0,1,3.0
1329,1658,2025-09-30,5.0,1,1.0
1330,1658,2022-01-16,1.0,3,1.0
1331,1659,2025-09-29,,4,3.0
1332,1659,2026-10-27,3.0,3,2.0
1333,1660,2022-10-25,5.0,2,3.0
1334,1660,2021-04-19,5.0,2,4.0
1335,1660,2021-08-15,2.0,3,1.0
1336,1661,2024-11-26,5.0,2,4.0
1337,1661,2026-02-13,4.0,2,5.0
1338,1661,2024-05-27,1.0,4,2.0
1339,1662,2022-09-16,2.0,2,4.0
1340,1662,2024-09-11,5.0,2,5.0
1341,1662,2025-05-09,5.0,5,4.0
1342,1663,2023-09-16,1.0,3,1.0
1343,1663,2026-05-27,5.0,5,1.0
1344,1664,2025-01-30,4.0,5,
1345,1664,2026-03-10,1.0,5,2.0
1346,1665,2024-10-20,1.0,1,1.0
1347,1666,2025-02-28,5.0,3,2.0
1348,1666,2026-01-09,4.0,1,2.0
1349,1667,2021-01-21,3.0,2,3.0
1350,1668,2022-02-10,2.0,5,2.0
1351,1668,2025-01-23,4.0,3,5.0
1352,1668,2022-12-13,2.0,4,1.0
1353,1669,2022-04-01,,1,1.0
1354,1670,2026-02-26,3.0,2,4.0
1355,1671,2021-12-02,3.0,2,5.0
1356,1671,2026-09-29,1.0,2,
1357,1671,2025-03-18,2.0,5,3.0
1358,1672,2026-05-13,1.0,2,5.0
1359,1672,2023-12-17,2.0,3,2.0
1360,1672,2023-10-01,5.0,4,4.0
1361,1673,2022-06-02,3.0,1,1.0
1362,1673,2023-05-24,5.0,1,
1363,1674,2021-09-16,4.0,2,1.0
1364,1674,2022-04-22,1.0,4,4.0
1365,1674,2021-09-28,5.0,4,5.0
1366,1675,2021-10-05,4.0,5,2.0
1367,1675,2026-12-26,2.0,2,3.0
1368,1676,2023-09-12,4.0,4,1.0
1369,1676,2022-11-09,5.0,2,5.0
1370,1676,2023-11-20,3.0,3,5.0
1371,1677,2025-10-25,5.0,5,2.0
1372,1677,2023-07-01,4.0,2,1.0
1373,1678,2021-04-11,4.0,3,5.0
1374,1679,2024-11-25,4.0,5,3.0
1375,1679,2022-11-15,1.0,4,4.0
1376,1679,2024-12-30,5.0,5,5.0
1377,1680,2023-08-23,,4,3.0
1378,1681,2021-04-03,1.0,2,4.0
1379,1682,2021-01-28,2.0,2,3.0
1380,1683,2026-06-29,3.0,4,5.0
1381,1683,2025-01-10,2.0,4,5.0
1382,1683,2022-08-22,5.0,3,3.0
1383,1684,2026-05-18,4.0,2,1.0
1384,1684,2026-12-02,4.0,4,
1385,1684,2026-03-12,2.0,4,4.0
1386,1685,2022-10-19,1.0,2,5.0
1387,1686,2025-06-18,1.0,2,
1388,1687,2023-11-02,5.0,5,5.0
1389,1688,2021-06-11,5.0,4,2.0
1390,1689,2025-12-13,5.0,2,1.0
1391,1689,2022-09-04,4.0,2,3.0
1392,1689,2026-01-14,1.0,1,1.0
1393,1690,2021-10-12,3.0,4,4.0
1394,1690,2023-05-08,2.0,4,4.0
1395,1690,2024-09-02,,3,5.0
1396,1691,2025-01-28,1.0,1,
1397,1691,2023-11-15,1.0,2,5.0
1398,1692,2021-02-22,4.0,2,2.0
1399,1693,2024-08-12,1.0,1,2.0
1400,1693,2023-02-19,2.0,3,5.0
1401,1694,2026-02-15,2.0,3,3.0
1402,1694,2022-08-03,2.0,5,4.0
1403,1694,2025-06-12,1.0,2,1.0
1404,1695,2026-04-15,4.0,3,4.0
1405,1696,2024-02-15,2.0,3,1.0
1406,1697,2026-03-17,1.0,1,4.0
1407,1698,2022-02-13,5.0,3,3.0
1408,1699,2025-08-19,1.0,2,3.0
1409,1699,2022-05-03,,3,2.0
1410,1699,2025-07-29,1.0,5,1.0
1411,1700,2022-10-28,,3,2.0
1412,1700,2022-06-30,3.0,5,2.0
1413,1700,2026-02-11,1.0,4,5.0
1414,1701,2024-06-07,3.0,4,3.0
1415,1701,2023-03-24,4.0,5,3.0
1416,1701,2024-09-12,,2,1.0
1417,1702,2026-03-12,3.0,4,4.0
1418,1702,2023-06-25,5.0,1,2.0
1419,1703,2021-03-23,3.0,3,1.0
1420,1703,2026-09-10,3.0,1,5.0
1421,1704,2024-06-21,5.0,2,5.0
1422,1704,2024-09-07,2.0,3,2.0
1423,1704,2024-12-15,3.0,5,
1424,1705,2021-12-28,4.0,1,4.0
1425,1705,2023-07-05,2.0,1,5.0
1426,1706,2022-08-08,3.0,4,4.0
1427,1706,2025-05-13,3.0,1,1.0
1428,1706,2026-03-19,5.0,1,3.0
1429,1707,2023-04-21,3.0,2,2.0
1430,1708,2026-10-07,5.0,2,4.0
1431,1708,2026-09-11,3.0,5,1.0
1432,1709,2026-07-24,5.0,3,
1433,1709,2026-05-17,4.0,5,1.0
1434,1709,2024-09-06,5.0,4,1.0
1435,1710,2026-10-28,2.0,3,4.0
1436,1711,2026-09-29,5.0,4,5.0
1437,1712,2026-03-30,1.0,4,3.0
1438,1712,2021-01-17,,4,
1439,1712,2024-05-02,2.0,3,3.0
1440,1713,2024-06-22,4.0,3,3.0
1441,1713,2022-11-29,1.0,4,1.0
1442,1714,2023-08-10,4.0,3,3.0
1443,1715,2021-05-07,3.0,3,1.0
1444,1715,2026-10-14,2.0,3,5.0
1445,1716,2025-10-24,5.0,3,4.0
1446,1716,2023-07-03,5.0,4,4.0
1447,1716,2026-05-08,3.0,5,5.0
1448,1717,2023-05-13,2.0,1,1.0
1449,1717,2026-03-24,4.0,4,1.0
1450,1718,2021-04-15,1.0,1,2.0
1451,1718,2022-10-04,4.0,2,2.0
1452,1719,2021-02-25,2.0,2,5.0
1453,1720,2024-09-26,4.0,1,5.0
1454,1721,2025-05-28,2.0,3,2.0
1455,1721,2024-09-17,2.0,1,2.0
1456,1721,2021-08-08,3.0,2,2.0
1457,1722,2024-04-11,2.0,4,4.0
1458,1723,2025-01-02,3.0,3,5.0
1459,1723,2021-06-21,3.0,2,4.0
1460,1723,2021-10-29,,2,1.0
1461,1724,2026-04-10,3.0,4,3.0
1462,1724,2023-10-19,1.0,5,1.0
1463,1725,2024-08-23,2.0,1,1.0
1464,1726,2022-09-05,4.0,5,2.0
1465,1726,2024-04-27,2.0,3,1.0
1466,1727,2023-11-18,5.0,3,2.0
1467,1727,2021-07-29,3.0,2,3.0
1468,1728,2026-08-04,2.0,4,
1469,1728,2023-06-06,5.0,2,3.0
1470,1729,2021-09-10,2.0,3,2.0
1471,1729,2023-09-28,,4,5.0
1472,1729,2025-10-04,5.0,5,2.0
1473,1730,2025-12-25,2.0,3,2.0
1474,1731,2021-06-02,1.0,4,4.0
1475,1731,2022-03-18,,2,1.0
1476,1732,2021-05-16,1.0,4,2.0
1477,1733,2025-04-16,5.0,2,2.0
1478,1733,2023-08-06,1.0,5,2.0
1479,1734,2025-03-28,1.0,5,2.0
1480,1734,2026-05-22,2.0,1,3.0
1481,1734,2021-08-16,2.0,5,
1482,1735,2024-02-20,2.0,2,4.0
1483,1736,2026-07-05,1.0,5,5.0
1484,1736,2022-08-19,5.0,1,2.0
1485,1737,2021-04-16,2.0,1,5.0
1486,1737,2024-04-07,2.0,3,5.0
1487,1738,2024-01-14,4.0,4,5.0
1488,1738,2021-03-21,,4,5.0
1489,1739,2024-11-04,4.0,2,3.0
1490,1739,2023-10-24,3.0,4,4.0
1491,1740,2021-01-15,5.0,5,
1492,1740,2021-08-05,3.0,4,4.0
1493,1741,2026-02-02,2.0,2,5.0
1494,1742,2022-07-13,3.0,5,5.0
1495,1742,2025-03-27,2.0,3,1.0
1496,1742,2026-07-12,1.0,1,1.0
1497,1743,2025-06-18,5.0,5,1.0
1498,1743,2025-07-03,,4,2.0
1499,1743,2021-09-20,3.0,2,5.0
1500,1744,2023-12-12,5.0,2,1.0
1501,1744,2024-01-12,5.0,1,2.0
1502,1745,2023-12-08,,5,5.0
1503,1745,2022-05-01,1.0,4,1.0
1504,1746,2022-02-25,5.0,3,4.0
1505,1747,2021-08-13,1.0,4,1.0
1506,1748,2025-03-08,1.0,4,2.0
1507,1748,2024-04-17,5.0,4,2.0
1508,1749,2021-01-03,1.0,1,1.0
1509,1750,2025-01-23,,1,1.0
1510,1750,2024-03-29,,5,1.0
1511,1750,2022-12-21,4.0,1,2.0
1512,1751,2026-04-12,1.0,3,2.0
1513,1752,2024-09-29,5.0,2,4.0
1514,1752,2026-01-23,5.0,3,5.0
1515,1752,2025-04-21,3.0,5,2.0
1516,1753,2021-12-08,3.0,4,2.0
1517,1753,2021-06-11,3.0,3,2.0
1518,1753,2023-07-31,1.0,4,2.0
1519,1754,2026-12-26,4.0,1,5.0
1520,1754,2024-08-04,4.0,3,1.0
1521,1755,2021-07-10,1.0,3,4.0
1522,1755,2021-11-19,5.0,3,4.0
1523,1756,2024-10-14,5.0,5,5.0
1524,1756,2025-12-25,4.0,3,1.0
1525,1757,2025-11-24,,2,5.0
1526,1757,2025-12-13,2.0,5,2.0
1527,1758,2021-08-21,1.0,5,1.0
1528,1759,2025-10-04,1.0,5,3.0
1529,1759,2022-11-11,5.0,1,3.0
1530,1760,2023-05-09,3.0,1,4.0
1531,1761,2026-12-19,4.0,1,2.0
1532,1761,2025-09-11,1.0,3,2.0
1533,1761,2022-07-04,2.0,1,4.0
1534,1762,2026-10-19,3.0,4,2.0
1535,1762,2021-09-21,5.0,3,5.0
1536,1763,2024-06-03,3.0,4,5.0
1537,1763,2026-02-10,1.0,1,5.0
1538,1764,2023-01-09,5.0,1,4.0
1539,1764,2024-10-08,3.0,5,4.0
1540,1765,2023-01-12,3.0,4,2.0
1541,1766,2026-02-07,4.0,5,5.0
1542,1766,2024-02-16,5.0,3,4.0
1543,1767,2023-08-24,3.0,3,3.0
1544,1767,2022-07-12,1.0,5,5.0
1545,1767,2025-11-17,2.0,2,1.0
1546,1768,2023-05-06,4.0,3,1.0
1547,1768,2022-03-31,4.0,2,5.0
1548,1768,2024-04-21,3.0,4,5.0
1549,1769,2021-10-14,2.0,3,3.0
1550,1769,2022-06-26,4.0,2,4.0
1551,1769,2025-09-12,1.0,3,
1552,1770,2022-02-23,3.0,4,3.0
1553,1770,2024-05-11,1.0,2,2.0
1554,1770,2022-12-23,,4,4.0
1555,1771,2026-02-14,5.0,3,2.0
1556,1772,2021-11-10,2.0,2,1.0
1557,1772,2023-02-01,5.0,5,4.0
1558,1773,2025-09-01,5.0,1,1.0
1559,1773,2026-09-23,3.0,3,3.0
1560,1774,2024-04-29,4.0,1,3.0
1561,1774,2026-11-10,5.0,2,2.0
1562,1774,2026-11-14,3.0,5,2.0
1563,1775,2024-01-22,4.0,4,3.0
1564,1775,2024-06-24,5.0,2,5.0
1565,1776,2026-01-14,5.0,1,5.0
1566,1776,2023-06-22,3.0,2,2.0
1567,1776,2022-11-18,5.0,2,4.0
1568,1777,2025-04-13,2.0,5,2.0
1569,1777,2026-05-23,4.0,5,2.0
1570,1777,2024-10-16,4.0,2,5.0
1571,1778,2023-09-24,2.0,2,4.0
1572,1778,2023-07-17,1.0,3,4.0
1573,1779,2023-07-22,1.0,2,1.0
1574,1779,2025-02-17,3.0,4,3.0
1575,1780,2022-06-13,3.0,4,2.0
1576,1781,2026-12-14,,3,3.0
1577,1781,2026-03-09,5.0,2,1.0
1578,1782,2026-01-10,2.0,1,3.0
1579,1782,2022-09-17,3.0,3,
1580,1782,2023-07-03,3.0,5,4.0
1581,1783,2025-08-30,4.0,4,3.0
1582,1783,2025-09-22,5.0,3,1.0
1583,1784,2024-11-07,4.0,4,4.0
1584,1784,2023-12-20,,4,3.0
1585,1785,2021-10-16,2.0,2,2.0
1586,1785,2026-03-21,3.0,4,3.0
1587,1786,2023-09-07,1.0,5,4.0
1588,1787,2024-02-17,3.0,2,5.0
1589,1787,2024-08-16,4.0,2,4.0
1590,1788,2023-10-01,1.0,5,1.0
1591,1789,2026-08-29,1.0,4,2.0
1592,1789,2023-07-06,1.0,2,4.0
1593,1789,2021-11-07,3.0,1,5.0
1594,1790,2023-04-27,1.0,4,3.0
1595,1790,2026-02-21,3.0,1,2.0
1596,1790,2026-09-27,2.0,4,4.0
1597,1791,2025-02-16,3.0,4,3.0
1598,1792,2026-07-20,5.0,3,3.0
1599,1792,2025-02-15,5.0,1,5.0
1600,1792,2025-05-04,3.0,2,2.0
1601,1793,2024-03-18,1.0,1,3.0
1602,1793,2024-07-05,5.0,2,3.0
1603,1793,2026-12-10,3.0,5,1.0
1604,1794,2021-10-02,1.0,5,3.0
1605,1795,2024-04-26,,3,3.0
1606,1795,2022-07-10,,4,
1607,1795,2021-04-16,4.0,5,3.0
1608,1796,2025-01-24,5.0,2,1.0
1609,1796,2024-03-11,2.0,3,1.0
1610,1796,2025-11-23,1.0,2,2.0
1611,1797,2021-12-29,1.0,5,1.0
1612,1797,2024-07-22,1.0,5,2.0
1613,1798,2026-05-14,1.0,5,3.0
1614,1798,2024-08-23,,3,2.0
1615,1798,2021-12-23,,1,5.0
1616,1799,2026-08-20,3.0,3,2.0
1617,1800,2025-11-07,1.0,2,5.0
1618,1800,2026-07-15,4.0,2,4.0
1619,1801,2022-11-09,2.0,5,1.0
1620,1801,2023-07-06,1.0,1,2.0
1621,1802,2022-10-29,3.0,5,3.0
1622,1803,2021-10-15,,5,5.0
1623,1803,2022-10-09,4.0,2,3.0
1624,1803,2021-05-28,1.0,5,1.0
1625,1804,2023-04-28,1.0,1,2.0
1626,1805,2025-06-22,2.0,4,4.0
1627,1805,2021-12-15,1.0,1,1.0
1628,1806,2022-04-17,2.0,5,5.0
1629,1806,2021-05-04,4.0,1,3.0
1630,1806,2023-10-17,2.0,3,
1631,1807,2021-11-10,5.0,3,1.0
1632,1807,2026-07-25,5.0,4,4.0
1633,1808,2021-11-05,2.0,4,4.0
1634,1808,2026-07-31,2.0,5,1.0
1635,1809,2025-12-06,,1,1.0
1636,1809,2023-04-23,2.0,1,5.0
1637,1809,2024-11-15,4.0,5,
1638,1810,2025-06-14,3.0,4,5.0
1639,1810,2023-10-13,5.0,2,2.0
1640,1810,2024-07-27,,5,4.0
1641,1811,2021-07-18,1.0,5,1.0
1642,1812,2021-05-06,2.0,4,2.0
1643,1812,2026-11-26,3.0,5,4.0
1644,1813,2024-10-04,5.0,5,2.0
1645,1814,2026-11-19,1.0,3,4.0
1646,1814,2024-10-15,5.0,3,2.0
1647,1814,2022-04-14,3.0,5,1.0
1648,1815,2022-11-08,1.0,2,3.0
1649,1815,2026-06-27,4.0,2,5.0
1650,1816,2023-09-13,5.0,5,2.0
1651,1816,2025-12-04,,3,2.0
1652,1817,2026-05-19,3.0,3,3.0
1653,1817,2022-06-18,1.0,1,4.0
1654,1817,2022-11-22,4.0,5,4.0
1655,1818,2026-10-04,4.0,3,1.0
1656,1818,2024-01-09,1.0,3,1.0
1657,1819,2024-06-30,3.0,2,5.0
1658,1820,2025-04-11,4.0,1,1.0
1659,1820,2025-03-17,1.0,1,1.0
1660,1820,2021-04-01,1.0,3,2.0
1661,1821,2024-12-07,3.0,3,3.0
1662,1821,2025-04-05,2.0,5,5.0
1663,1822,2021-04-22,2.0,2,1.0
1664,1822,2024-07-13,3.0,3,3.0
1665,1823,2021-04-28,5.0,1,4.0
1666,1823,2025-08-22,2.0,2,1.0
1667,1824,2025-03-22,4.0,5,2.0
1668,1825,2025-12-28,3.0,2,1.0
1669,1825,2021-08-15,4.0,5,2.0
1670,1826,2021-05-01,,5,5.0
1671,1826,2022-04-10,,1,
1672,1827,2021-03-20,4.0,2,3.0
1673,1828,2026-04-25,5.0,4,5.0
1674,1828,2026-06-18,,5,4.0
1675,1829,2023-01-13,5.0,5,1.0
1676,1829,2025-10-19,3.0,5,5.0
1677,1830,2026-05-04,3.0,3,1.0
1678,1830,2021-02-01,4.0,1,3.0
1679,1831,2026-01-05,4.0,2,1.0
1680,1832,2024-07-30,3.0,5,3.0
1681,1832,2023-05-22,2.0,5,1.0
1682,1833,2022-01-09,2.0,1,5.0
1683,1834,2022-02-28,1.0,2,4.0
1684,1835,2021-11-03,5.0,2,3.0
1685,1835,2024-02-29,1.0,1,5.0
1686,1835,2024-12-07,3.0,2,2.0
1687,1836,2026-12-31,2.0,4,4.0
1688,1836,2022-05-26,3.0,2,4.0
1689,1836,2025-03-30,1.0,3,4.0
1690,1837,2021-12-06,4.0,3,4.0
1691,1837,2026-04-04,5.0,1,1.0
1692,1837,2021-01-09,5.0,4,3.0
1693,1838,2024-05-16,5.0,4,4.0
1694,1838,2026-08-30,3.0,2,1.0
1695,1838,2024-05-27,1.0,2,4.0
1696,1839,2026-10-16,3.0,5,4.0
1697,1839,2026-06-01,3.0,3,2.0
1698,1839,2021-08-20,5.0,4,4.0
1699,1840,2022-12-08,5.0,3,2.0
1700,1840,2022-11-01,1.0,2,5.0
1701,1840,2025-08-03,4.0,4,5.0
1702,1841,2023-04-13,1.0,5,4.0
1703,1841,2025-08-06,2.0,3,3.0
1704,1842,2021-01-05,5.0,1,1.0
1705,1842,2021-03-28,2.0,4,
1706,1843,2026-09-29,2.0,4,1.0
1707,1844,2021-05-30,4.0,4,5.0
1708,1844,2026-08-29,1.0,3,5.0
1709,1844,2024-06-01,5.0,5,4.0
1710,1845,2024-11-24,4.0,1,2.0
1711,1845,2025-06-06,4.0,3,3.0
1712,1846,2024-02-06,2.0,1,4.0
1713,1846,2024-01-17,5.0,4,5.0
1714,1847,2024-09-29,5.0,2,1.0
1715,1847,2025-06-15,,5,4.0
1716,1848,2023-11-14,1.0,3,4.0
1717,1849,2021-05-16,3.0,4,2.0
1718,1850,2025-11-08,1.0,5,2.0
1719,1850,2025-06-26,3.0,4,2.0
1720,1851,2021-04-12,1.0,1,5.0
1721,1851,2025-07-30,3.0,5,2.0
1722,1852,2023-11-23,2.0,2,4.0
1723,1853,2026-10-30,5.0,2,4.0
1724,1854,2022-12-25,2.0,2,2.0
1725,1854,2023-08-13,3.0,2,2.0
1726,1855,2024-07-02,4.0,2,
1727,1855,2025-12-31,2.0,1,1.0
1728,1855,2023-03-17,3.0,1,2.0
1729,1856,2024-02-25,5.0,3,5.0
1730,1856,2026-06-18,4.0,5,1.0
1731,1856,2026-11-16,1.0,3,2.0
1732,1857,2025-04-29,1.0,5,4.0
1733,1857,2024-12-31,1.0,3,4.0
1734,1857,2026-06-28,3.0,5,2.0
1735,1858,2021-05-04,4.0,3,2.0
1736,1859,2025-10-22,2.0,5,4.0
1737,1860,2022-06-28,3.0,5,3.0
1738,1860,2026-02-15,5.0,5,
1739,1860,2023-05-16,5.0,1,5.0
1740,1861,2026-09-20,,3,2.0
1741,1861,2025-01-26,5.0,1,4.0
1742,1861,2025-11-15,1.0,5,1.0
1743,1862,2024-05-04,1.0,4,4.0
1744,1862,2026-12-19,4.0,4,3.0
1745,1863,2021-12-31,2.0,1,3.0
1746,1864,2026-04-08,5.0,4,3.0
1747,1865,2025-06-29,2.0,2,3.0
1748,1866,2025-08-26,4.0,2,5.0
1749,1866,2024-03-29,5.0,1,5.0
1750,1866,2024-03-17,2.0,4,3.0
1751,1867,2026-04-09,4.0,1,3.0
1752,1867,2022-01-08,5.0,1,1.0
1753,1868,2025-04-07,2.0,4,4.0
1754,1868,2025-05-19,2.0,4,2.0
1755,1868,2023-04-18,2.0,3,2.0
1756,1869,2021-09-25,4.0,4,2.0
1757,1869,2021-05-17,,5,1.0
1758,1869,2021-04-04,1.0,4,5.0
1759,1870,2026-01-07,2.0,5,3.0
1760,1871,2025-01-27,2.0,3,5.0
1761,1871,2021-04-06,1.0,5,4.0
1762,1871,2025-02-07,2.0,5,4.0
1763,1872,2024-01-19,1.0,4,4.0
1764,1873,2023-05-25,5.0,2,3.0
1765,1873,2024-08-26,5.0,2,5.0
1766,1874,2024-11-13,,1,3.0
1767,1874,2024-05-25,5.0,4,5.0
1768,1874,2026-08-21,,2,5.0
1769,1875,2025-07-10,3.0,5,3.0
1770,1875,2022-10-09,3.0,3,
1771,1876,2025-05-17,2.0,3,5.0
1772,1877,2023-06-30,5.0,3,2.0
1773,1877,2024-09-13,2.0,2,5.0
1774,1878,2023-08-22,2.0,5,3.0
1775,1879,2024-09-14,,3,
1776,1879,2024-05-12,4.0,5,4.0
1777,1880,2026-02-26,2.0,4,3.0
1778,1881,2023-02-02,5.0,2,1.0
1779,1881,2023-09-01,1.0,5,1.0
1780,1881,2025-08-02,4.0,5,3.0
1781,1882,2024-05-24,1.0,1,
1782,1882,2025-03-08,3.0,2,2.0
1783,1882,2023-07-05,5.0,5,
1784,1883,2024-10-19,3.0,4,1.0
1785,1883,2021-05-08,2.0,1,1.0
1786,1884,2022-01-15,3.0,3,4.0
1787,1885,2022-04-20,1.0,2,1.0
1788,1885,2024-12-30,4.0,3,
1789,1885,2025-08-14,1.0,5,5.0
1790,1886,2021-02-01,1.0,5,4.0
1791,1886,2023-04-16,1.0,2,5.0
1792,1887,2021-12-09,,2,1.0
1793,1887,2023-03-09,5.0,3,2.0
1794,1887,2023-12-23,5.0,1,
1795,1888,2021-10-27,1.0,4,2.0
1796,1888,2022-09-25,4.0,4,5.0
1797,1888,2021-10-07,3.0,2,4.0
1798,1889,2025-05-10,2.0,5,2.0
1799,1889,2022-01-18,3.0,2,4.0
1800,1890,2021-09-17,1.0,5,1.0
1801,1891,2023-08-01,1.0,5,2.0
1802,1892,2026-09-12,2.0,4,2.0
1803,1892,2022-09-10,5.0,2,2.0
1804,1892,2026-08-31,1.0,5,3.0
1805,1893,2025-07-16,1.0,5,4.0
1806,1894,2021-09-24,3.0,2,3.0
1807,1895,2025-07-17,2.0,3,1.0
1808,1896,2025-07-26,5.0,1,3.0
1809,1897,2023-11-18,1.0,1,4.0
1810,1897,2024-08-26,5.0,3,3.0
1811,1897,2025-07-13,3.0,1,
1812,1898,2022-06-24,3.0,4,
1813,1898,2023-06-22,3.0,5,4.0
1814,1898,2021-06-16,5.0,4,3.0
1815,1899,2022-08-10,2.0,5,3.0
1816,1899,2025-12-20,1.0,4,3.0
1817,1900,2025-07-22,3.0,4,5.0
1818,1901,2022-01-28,1.0,4,3.0
1819,1901,2025-06-30,3.0,1,5.0
1820,1901,2024-08-04,4.0,5,4.0
1821,1902,2026-01-01,2.0,4,4.0
1822,1903,2025-06-23,1.0,4,4.0
1823,1904,2025-06-27,2.0,5,5.0
1824,1905,2025-02-22,4.0,4,1.0
1825,1905,2024-04-24,2.0,1,4.0
1826,1905,2026-07-30,,2,3.0
1827,1906,2024-01-26,1.0,2,2.0
1828,1907,2021-01-03,3.0,5,4.0
1829,1908,2021-09-14,5.0,4,3.0
1830,1908,2022-09-08,2.0,1,1.0
1831,1909,2021-12-26,3.0,2,2.0
1832,1909,2021-03-10,1.0,3,3.0
1833,1909,2022-09-04,5.0,2,5.0
1834,1910,2021-12-15,2.0,2,
1835,1911,2024-02-10,3.0,1,2.0
1836,1911,2026-06-12,3.0,5,5.0
1837,1911,2026-03-23,2.0,4,2.0
1838,1912,2022-09-01,5.0,1,
1839,1912,2022-01-15,1.0,2,5.0
1840,1912,2026-10-19,4.0,1,5.0
1841,1913,2025-04-18,1.0,2,1.0
1842,1913,2026-03-13,3.0,5,4.0
1843,1913,2024-09-23,5.0,3,4.0
1844,1914,2024-11-21,4.0,2,3.0
1845,1914,2026-12-24,4.0,2,3.0
1846,1914,2022-09-03,2.0,3,4.0
1847,1915,2023-04-10,3.0,3,2.0
1848,1915,2023-02-04,,5,4.0
